[
    {
        "refname": "C_Item",
        "regex": "<a href=\"/categories/(.+?)\">",
        "template": "$1$",
        "match_number": "1",
        "default": "Not Found_C_Item",
        "request_name": "23 /account/signonForm"
    },
    {
        "refname": "C_PRDID",
        "regex": "a href=\"/products/(.+?)\">F",
        "template": "$1$",
        "match_number": "1",
        "default": "Not Found_C_PRDID",
        "request_name": "26 /categories/CATS"
    },
    {
        "refname": "C_ITMID",
        "regex": "itemId=(.+?)\"",
        "template": "$1$",
        "match_number": "1",
        "default": "Not Found_C_ITMID",
        "request_name": "27 /products/FL-DSH-01"
    },
    {
        "refname": "C_BZIP",
        "regex": "name=\"billZip\" value=\"(.+?)\"/",
        "template": "$1$",
        "match_number": "1",
        "default": "Not Found_C_BZIP",
        "request_name": "30 /order/newOrderForm"
    },
    {
        "refname": "C_CRDID",
        "regex": "name=\"creditCard\" value=\"(.+?)\"/>",
        "template": "$1$",
        "match_number": "1",
        "default": "Not Found_C_CRDID",
        "request_name": "30 /order/newOrderForm"
    }
]
